"section","specialist","status","first_available","codes","variants","source_pdf_date","source_pdf_url"
"CENTAR ZA FIZIKALNU MEDICINU I REHABILITACIJU","AMBULANTA ZA FIZIKALNU MEDICINU 1","HAS_SLOTS","29.05.2026. 13:45","500109","1","11.02.2026","https://www.kccg.me/wp-content/uploads/2026/02/prvi-slobodan-termin-kccg-5.pdf"
"CENTAR ZA FIZIKALNU MEDICINU I REHABILITACIJU","AMBULANTA ZA FIZIKALNU MEDICINU 2","HAS_SLOTS","29.05.2026. 13:45","500119","1","11.02.2026","https://www.kccg.me/wp-content/uploads/2026/02/prvi-slobodan-termin-kccg-5.pdf"
"CENTAR ZA MEDICINSKU GENETIKU I IMUNOLOGIJU","GENETSKA AMBULANTA 1","HAS_SLOTS","30.03.2026. 18:00","101309","1","11.02.2026","https://www.kccg.me/wp-content/uploads/2026/02/prvi-slobodan-termin-kccg-5.pdf"
"CENTAR ZA MEDICINSKU GENETIKU I IMUNOLOGIJU","GENETSKA AMBULANTA 2 - ZA TRUDNICE","HAS_SLOTS","26.03.2026. 13:30","101420","1","11.02.2026","https://www.kccg.me/wp-content/uploads/2026/02/prvi-slobodan-termin-kccg-5.pdf"
"CENTAR ZA MEDICINSKU GENETIKU I IMUNOLOGIJU","GENETSKA AMBULANTA 3","HAS_SLOTS","25.03.2026. 18:00","101339","1","11.02.2026","https://www.kccg.me/wp-content/uploads/2026/02/prvi-slobodan-termin-kccg-5.pdf"
"CENTAR ZA RADIOLOSKU DIJAGNOSTIKU","AMBULANTA ZA ZAKAZIVANJE KONZILIJUMA ZA MR","HAS_SLOTS","20.02.2026. 11:58","510466","2","11.02.2026","https://www.kccg.me/wp-content/uploads/2026/02/prvi-slobodan-termin-kccg-5.pdf"
"CENTAR ZA RADIOLOSKU DIJAGNOSTIKU","CT ANGIO BODY","HAS_SLOTS","24.06.2026. 19:30","510640","1","11.02.2026","https://www.kccg.me/wp-content/uploads/2026/02/prvi-slobodan-termin-kccg-5.pdf"
"CENTAR ZA RADIOLOSKU DIJAGNOSTIKU","CT ANGIO GLAVE I VRATA","HAS_SLOTS","24.06.2026. 16:30","510630","1","11.02.2026","https://www.kccg.me/wp-content/uploads/2026/02/prvi-slobodan-termin-kccg-5.pdf"
"CENTAR ZA RADIOLOSKU DIJAGNOSTIKU","CT BODY 1","HAS_SLOTS","30.06.2026. 19:00","510324","1","11.02.2026","https://www.kccg.me/wp-content/uploads/2026/02/prvi-slobodan-termin-kccg-5.pdf"
"CENTAR ZA RADIOLOSKU DIJAGNOSTIKU","CT BODY 2","HAS_SLOTS","30.06.2026. 19:00","510336","1","11.02.2026","https://www.kccg.me/wp-content/uploads/2026/02/prvi-slobodan-termin-kccg-5.pdf"
"CENTAR ZA RADIOLOSKU DIJAGNOSTIKU","CT BODY ONKOLOЕ KI","HAS_SLOTS","31.12.2026. 19:00","510316","1","11.02.2026","https://www.kccg.me/wp-content/uploads/2026/02/prvi-slobodan-termin-kccg-5.pdf"
"CENTAR ZA RADIOLOSKU DIJAGNOSTIKU","CT KOLONOSKOPIJE","HAS_SLOTS","25.06.2026. 08:15","510366","1","11.02.2026","https://www.kccg.me/wp-content/uploads/2026/02/prvi-slobodan-termin-kccg-5.pdf"
"CENTAR ZA RADIOLOSKU DIJAGNOSTIKU","CT KORONOGRAFIJE","HAS_SLOTS","30.08.2026. 16:00","510326","1","11.02.2026","https://www.kccg.me/wp-content/uploads/2026/02/prvi-slobodan-termin-kccg-5.pdf"
"CENTAR ZA RADIOLOSKU DIJAGNOSTIKU","CT MSK","HAS_SLOTS","24.06.2026. 13:00","510346","1","11.02.2026","https://www.kccg.me/wp-content/uploads/2026/02/prvi-slobodan-termin-kccg-5.pdf"
"CENTAR ZA RADIOLOSKU DIJAGNOSTIKU","CT NEURO 1","HAS_SLOTS","26.06.2026. 19:30","510314","1","11.02.2026","https://www.kccg.me/wp-content/uploads/2026/02/prvi-slobodan-termin-kccg-5.pdf"
"CENTAR ZA RADIOLOSKU DIJAGNOSTIKU","CT NEURO 2","HAS_SLOTS","29.06.2026. 19:00","510356","1","11.02.2026","https://www.kccg.me/wp-content/uploads/2026/02/prvi-slobodan-termin-kccg-5.pdf"
"CENTAR ZA RADIOLOSKU DIJAGNOSTIKU","KABINET ZA DIGITALNI MAMOGRAF","HAS_SLOTS","27.02.2026. 11:30","510138","1","11.02.2026","https://www.kccg.me/wp-content/uploads/2026/02/prvi-slobodan-termin-kccg-5.pdf"
"CENTAR ZA RADIOLOSKU DIJAGNOSTIKU","KABINET ZA ULTRAZVUДЊNU DIJAGNOSTIKU","HAS_SLOTS","31.12.2026. 12:40","510218","1","11.02.2026","https://www.kccg.me/wp-content/uploads/2026/02/prvi-slobodan-termin-kccg-5.pdf"
"CENTAR ZA RADIOLOSKU DIJAGNOSTIKU","KONZILIJUM RADIOLOGA ZA DIJAGNOSTIKU BOLESTI DOJKE","HAS_SLOTS","30.04.2026. 10:55","510155","1","11.02.2026","https://www.kccg.me/wp-content/uploads/2026/02/prvi-slobodan-termin-kccg-5.pdf"
"CENTAR ZA RADIOLOSKU DIJAGNOSTIKU","MR BODY 1","HAS_SLOTS","28.06.2026. 16:00","510325","2","11.02.2026","https://www.kccg.me/wp-content/uploads/2026/02/prvi-slobodan-termin-kccg-5.pdf"
"CENTAR ZA RADIOLOSKU DIJAGNOSTIKU","MR BODY 2","HAS_SLOTS","28.08.2026. 12:00","510327","2","11.02.2026","https://www.kccg.me/wp-content/uploads/2026/02/prvi-slobodan-termin-kccg-5.pdf"
"CENTAR ZA RADIOLOSKU DIJAGNOSTIKU","MR BODY ONKOLOЕ KI 1","HAS_SLOTS","29.08.2026. 16:00","510315","2","11.02.2026","https://www.kccg.me/wp-content/uploads/2026/02/prvi-slobodan-termin-kccg-5.pdf"
"CENTAR ZA RADIOLOSKU DIJAGNOSTIKU","MR BODY ONKOLOЕ KI 2","HAS_SLOTS","24.06.2026. 19:00","510317","2","11.02.2026","https://www.kccg.me/wp-content/uploads/2026/02/prvi-slobodan-termin-kccg-5.pdf"
"CENTAR ZA RADIOLOSKU DIJAGNOSTIKU","MR ENTEROGRAFIJE","HAS_SLOTS","26.06.2026. 19:00","510337","2","11.02.2026","https://www.kccg.me/wp-content/uploads/2026/02/prvi-slobodan-termin-kccg-5.pdf"
"CENTAR ZA RADIOLOSKU DIJAGNOSTIKU","MR MSK 1","HAS_SLOTS","24.06.2026. 19:00","510335","2","11.02.2026","https://www.kccg.me/wp-content/uploads/2026/02/prvi-slobodan-termin-kccg-5.pdf"
"CENTAR ZA RADIOLOSKU DIJAGNOSTIKU","MR MSK 2","HAS_SLOTS","26.08.2026. 12:00","510347","2","11.02.2026","https://www.kccg.me/wp-content/uploads/2026/02/prvi-slobodan-termin-kccg-5.pdf"
"CENTAR ZA RADIOLOSKU DIJAGNOSTIKU","MR NEURO 1","HAS_SLOTS","31.08.2026. 19:00","510345","2","11.02.2026","https://www.kccg.me/wp-content/uploads/2026/02/prvi-slobodan-termin-kccg-5.pdf"
"CENTAR ZA RADIOLOSKU DIJAGNOSTIKU","MR NEURO 2","HAS_SLOTS","31.08.2026. 12:30","510357","2","11.02.2026","https://www.kccg.me/wp-content/uploads/2026/02/prvi-slobodan-termin-kccg-5.pdf"
"HIRURЕ KA KLINIKA","AMBULANTA ZA DIGESTIVNU HIRURGIJU","HAS_SLOTS","25.02.2026. 13:50","121109","1","11.02.2026","https://www.kccg.me/wp-content/uploads/2026/02/prvi-slobodan-termin-kccg-5.pdf"
"HIRURЕ KA KLINIKA","AMBULANTA ZA DIGESTIVNU HIRURGIJU 2","HAS_SLOTS","26.02.2026. 13:50","121119","1","11.02.2026","https://www.kccg.me/wp-content/uploads/2026/02/prvi-slobodan-termin-kccg-5.pdf"
"HIRURЕ KA KLINIKA","AMBULANTA ZA ENDOKRINU HIRURGIJU","HAS_SLOTS","30.03.2026. 10:10","124109","1","11.02.2026","https://www.kccg.me/wp-content/uploads/2026/02/prvi-slobodan-termin-kccg-5.pdf"
"HIRURЕ KA KLINIKA","AMBULANTA ZA HIRURGIJU DOJKE","HAS_SLOTS","27.02.2026. 13:50","122209","1","11.02.2026","https://www.kccg.me/wp-content/uploads/2026/02/prvi-slobodan-termin-kccg-5.pdf"
"HIRURЕ KA KLINIKA","AMBULANTA ZA OPЕ TU HIRURGIJU 2","HAS_SLOTS","25.02.2026. 13:50","120117","1","11.02.2026","https://www.kccg.me/wp-content/uploads/2026/02/prvi-slobodan-termin-kccg-5.pdf"
"HIRURЕ KA KLINIKA","AMBULANTA ZA TORAKALNU I EZOFAGEALNU HIRURGIJU","HAS_SLOTS","27.02.2026. 12:50","122109","1","11.02.2026","https://www.kccg.me/wp-content/uploads/2026/02/prvi-slobodan-termin-kccg-5.pdf"
"INSTITUT ZA BOLESTI DJECE","CZA - PSIHOLOЕ KI KABINET 1","HAS_SLOTS","30.04.2026. 20:15","109249","1","11.02.2026","https://www.kccg.me/wp-content/uploads/2026/02/prvi-slobodan-termin-kccg-5.pdf"
"INSTITUT ZA BOLESTI DJECE","CZA - PSIHOLOЕ KI KABINET 2","HAS_SLOTS","30.04.2026. 13:15","109259","1","11.02.2026","https://www.kccg.me/wp-content/uploads/2026/02/prvi-slobodan-termin-kccg-5.pdf"
"INSTITUT ZA BOLESTI DJECE","CZA - PSIHOLOЕ KI KABINET 5","HAS_SLOTS","30.03.2026. 20:15","109269","1","11.02.2026","https://www.kccg.me/wp-content/uploads/2026/02/prvi-slobodan-termin-kccg-5.pdf"
"INSTITUT ZA BOLESTI DJECE","DJEДЊIJA ANESTEZIOLOЕ KA AMBULANTA","HAS_SLOTS","30.04.2026. 16:50","105109","1","11.02.2026","https://www.kccg.me/wp-content/uploads/2026/02/prvi-slobodan-termin-kccg-5.pdf"
"INSTITUT ZA BOLESTI DJECE","DJEДЊIJA ENDOKRINOLOЕ KA AMBULANTA 1","HAS_SLOTS","30.04.2026. 12:20","101209","1","11.02.2026","https://www.kccg.me/wp-content/uploads/2026/02/prvi-slobodan-termin-kccg-5.pdf"
"INSTITUT ZA BOLESTI DJECE","DJEДЊIJA ENDOKRINOLOЕ KA AMBULANTA 2","HAS_SLOTS","29.04.2026. 12:20","101709","1","11.02.2026","https://www.kccg.me/wp-content/uploads/2026/02/prvi-slobodan-termin-kccg-5.pdf"
"INSTITUT ZA BOLESTI DJECE","DJEДЊIJA FIZIJATRIJSKA AMBULANTA","HAS_SLOTS","28.04.2026. 13:40","102419","1","11.02.2026","https://www.kccg.me/wp-content/uploads/2026/02/prvi-slobodan-termin-kccg-5.pdf"
"INSTITUT ZA BOLESTI DJECE","DJEДЊIJA GASTROENTEROLOЕ KA AMBULANTA","HAS_SLOTS","30.04.2026. 13:40","101509","1","11.02.2026","https://www.kccg.me/wp-content/uploads/2026/02/prvi-slobodan-termin-kccg-5.pdf"
"INSTITUT ZA BOLESTI DJECE","DJEДЊIJA HEMATOLOЕ KA AMBULANTA","HAS_SLOTS","30.04.2026. 13:40","101109","1","11.02.2026","https://www.kccg.me/wp-content/uploads/2026/02/prvi-slobodan-termin-kccg-5.pdf"
"INSTITUT ZA BOLESTI DJECE","DJEДЊIJA HIRURЕ KA AMBULANTA 1","HAS_SLOTS","30.04.2026. 13:50","102108","1","11.02.2026","https://www.kccg.me/wp-content/uploads/2026/02/prvi-slobodan-termin-kccg-5.pdf"
"INSTITUT ZA BOLESTI DJECE","DJEДЊIJA HIRURЕ KA AMBULANTA 2","HAS_SLOTS","29.04.2026. 13:50","102109","1","11.02.2026","https://www.kccg.me/wp-content/uploads/2026/02/prvi-slobodan-termin-kccg-5.pdf"
"INSTITUT ZA BOLESTI DJECE","DJEДЊIJA KARDIOLOЕ KA AMBULANTA 1","HAS_SLOTS","30.04.2026. 13:30","101119","1","11.02.2026","https://www.kccg.me/wp-content/uploads/2026/02/prvi-slobodan-termin-kccg-5.pdf"
"INSTITUT ZA BOLESTI DJECE","DJEДЊIJA KARDIOLOЕ KA AMBULANTA 2","HAS_SLOTS","30.04.2026. 13:30","102107","1","11.02.2026","https://www.kccg.me/wp-content/uploads/2026/02/prvi-slobodan-termin-kccg-5.pdf"
"INSTITUT ZA BOLESTI DJECE","DJEДЊIJA NEFROLOЕ KA AMBULANTA","HAS_SLOTS","30.04.2026. 13:40","101219","1","11.02.2026","https://www.kccg.me/wp-content/uploads/2026/02/prvi-slobodan-termin-kccg-5.pdf"
"INSTITUT ZA BOLESTI DJECE","DJEДЊIJA OFTALMOLOЕ KA AMBULANTA 2","HAS_SLOTS","30.04.2026. 13:40","102320","1","11.02.2026","https://www.kccg.me/wp-content/uploads/2026/02/prvi-slobodan-termin-kccg-5.pdf"
"INSTITUT ZA BOLESTI DJECE","DJEДЊIJA ORTOPEDSKA AMBULANTA","HAS_SLOTS","28.04.2026. 13:45","102409","1","11.02.2026","https://www.kccg.me/wp-content/uploads/2026/02/prvi-slobodan-termin-kccg-5.pdf"
"INSTITUT ZA BOLESTI DJECE","DJEДЊIJA ORTOPEDSKA AMBULANTA - TRAUMA","HAS_SLOTS","30.04.2026. 19:45","101520","1","11.02.2026","https://www.kccg.me/wp-content/uploads/2026/02/prvi-slobodan-termin-kccg-5.pdf"
"INSTITUT ZA BOLESTI DJECE","DJEДЊIJA PULMOLOЕ KA AMBULANTA","HAS_SLOTS","30.04.2026. 12:40","101409","1","11.02.2026","https://www.kccg.me/wp-content/uploads/2026/02/prvi-slobodan-termin-kccg-5.pdf"
"INSTITUT ZA BOLESTI DJECE","DJEДЊIJA PULMOLOЕ KA AMBULANTA 2","HAS_SLOTS","27.04.2026. 12:40","101411","1","11.02.2026","https://www.kccg.me/wp-content/uploads/2026/02/prvi-slobodan-termin-kccg-5.pdf"
"INSTITUT ZA BOLESTI DJECE","DJEДЊIJI KABINET ZA EEG","HAS_SLOTS","30.04.2026. 13:15","101328","1","11.02.2026","https://www.kccg.me/wp-content/uploads/2026/02/prvi-slobodan-termin-kccg-5.pdf"
"INSTITUT ZA BOLESTI DJECE","DJEДЊIJI KABINET ZA ERGOMETRIJU","HAS_SLOTS","28.04.2026. 12:30","101128","1","11.02.2026","https://www.kccg.me/wp-content/uploads/2026/02/prvi-slobodan-termin-kccg-5.pdf"
"INSTITUT ZA BOLESTI DJECE","DJEДЊIJI KABINET ZA HOLTER","HAS_SLOTS","26.02.2026. 08:30","101118","1","11.02.2026","https://www.kccg.me/wp-content/uploads/2026/02/prvi-slobodan-termin-kccg-5.pdf"
"INSTITUT ZA BOLESTI DJECE","KABINET ZA DJEДЊIJI MR - MKS","HAS_SLOTS","31.03.2026. 12:00","107149","2","11.02.2026","https://www.kccg.me/wp-content/uploads/2026/02/prvi-slobodan-termin-kccg-5.pdf"
"INSTITUT ZA BOLESTI DJECE","KABINET ZA DJEДЊIJI MR - NEURO","HAS_SLOTS","30.03.2026. 12:00","107129","2","11.02.2026","https://www.kccg.me/wp-content/uploads/2026/02/prvi-slobodan-termin-kccg-5.pdf"
"INSTITUT ZA BOLESTI DJECE","KABINET ZA DJEДЊIJI UZ KUKOVA","HAS_SLOTS","31.03.2026. 16:45","107159","1","11.02.2026","https://www.kccg.me/wp-content/uploads/2026/02/prvi-slobodan-termin-kccg-5.pdf"
"INSTITUT ZA BOLESTI DJECE","KABINET ZA DJEДЊIJU RTG DIJAGNOSTIKU","HAS_SLOTS","31.03.2026. 12:50","107109","1","11.02.2026","https://www.kccg.me/wp-content/uploads/2026/02/prvi-slobodan-termin-kccg-5.pdf"
"INSTITUT ZA BOLESTI DJECE","KABINET ZA DJEДЊIJU UZ DIJAGNOSTIKU","HAS_SLOTS","31.03.2026. 13:30","107139","1","11.02.2026","https://www.kccg.me/wp-content/uploads/2026/02/prvi-slobodan-termin-kccg-5.pdf"
"INSTITUT ZA BOLESTI DJECE","NEONATOLOЕ KA AMBULANTA 1 IBD","HAS_SLOTS","30.04.2026. 12:40","103209","1","11.02.2026","https://www.kccg.me/wp-content/uploads/2026/02/prvi-slobodan-termin-kccg-5.pdf"
"INSTITUT ZA BOLESTI DJECE","NEONATOLOЕ KA AMBULANTA 2 IBD","HAS_SLOTS","27.04.2026. 12:40","103210","1","11.02.2026","https://www.kccg.me/wp-content/uploads/2026/02/prvi-slobodan-termin-kccg-5.pdf"
"INSTITUT ZA BOLESTI DJECE","PEDIJATRIJSKA REUMATOLOЕ KA AMBULANTA","HAS_SLOTS","29.04.2026. 13:40","101519","1","11.02.2026","https://www.kccg.me/wp-content/uploads/2026/02/prvi-slobodan-termin-kccg-5.pdf"
"INTERNA KLINIKA","DNEVNA HEMATOLOЕ KA BOLNICA","HAS_SLOTS","30.06.2026. 08:50","111339","1","11.02.2026","https://www.kccg.me/wp-content/uploads/2026/02/prvi-slobodan-termin-kccg-5.pdf"
"INTERNA KLINIKA","HEMATOLOЕ KA AMBULANTA","HAS_SLOTS","29.05.2026. 12:25","111309","1","11.02.2026","https://www.kccg.me/wp-content/uploads/2026/02/prvi-slobodan-termin-kccg-5.pdf"
"INTERNA KLINIKA","HEMATOLOЕ KA AMBULANTA 2","HAS_SLOTS","14.05.2026. 12:25","111320","1","11.02.2026","https://www.kccg.me/wp-content/uploads/2026/02/prvi-slobodan-termin-kccg-5.pdf"
"KLINIKA ZA BOLESTI SRCA","AMBULANTA ZA KARDIOHIRURGIJU","HAS_SLOTS","31.03.2026. 14:40","270610","1","11.02.2026","https://www.kccg.me/wp-content/uploads/2026/02/prvi-slobodan-termin-kccg-5.pdf"
"KLINIKA ZA BOLESTI SRCA","ELEKTROFIZIOLOЕ KA AMBULANTA","HAS_SLOTS","30.06.2026. 12:45","290580","1","11.02.2026","https://www.kccg.me/wp-content/uploads/2026/02/prvi-slobodan-termin-kccg-5.pdf"
"KLINIKA ZA BOLESTI SRCA","KABINET ZA EHO SRCA","HAS_SLOTS","30.06.2026. 10:15","260539","1","11.02.2026","https://www.kccg.me/wp-content/uploads/2026/02/prvi-slobodan-termin-kccg-5.pdf"
"KLINIKA ZA BOLESTI SRCA","KABINET ZA ERGOMETRIJU","HAS_SLOTS","29.06.2026. 11:00","260549","1","11.02.2026","https://www.kccg.me/wp-content/uploads/2026/02/prvi-slobodan-termin-kccg-5.pdf"
"KLINIKA ZA BOLESTI SRCA","KABINET ZA HOLTER KRVNOG PRITISKA","HAS_SLOTS","30.06.2026. 08:20","280589","1","11.02.2026","https://www.kccg.me/wp-content/uploads/2026/02/prvi-slobodan-termin-kccg-5.pdf"
"KLINIKA ZA BOLESTI SRCA","KABINET ZA HUMEDS HOLTER","HAS_SLOTS","29.06.2026. 12:00","260320","1","11.02.2026","https://www.kccg.me/wp-content/uploads/2026/02/prvi-slobodan-termin-kccg-5.pdf"
"KLINIKA ZA BOLESTI SRCA","KABINET ZA PRAД†ENJE RADA PACE MAKERA","HAS_SLOTS","31.07.2026. 10:50","260308","1","11.02.2026","https://www.kccg.me/wp-content/uploads/2026/02/prvi-slobodan-termin-kccg-5.pdf"
"KLINIKA ZA BOLESTI SRCA","KABINET ZA TE UZV SRCA","HAS_SLOTS","30.06.2026. 13:00","280579","1","11.02.2026","https://www.kccg.me/wp-content/uploads/2026/02/prvi-slobodan-termin-kccg-5.pdf"
"KLINIKA ZA BOLESTI SRCA","KARDIO ANESTEZIOLOЕ KA AMB","HAS_SLOTS","31.03.2026. 14:45","270799","1","11.02.2026","https://www.kccg.me/wp-content/uploads/2026/02/prvi-slobodan-termin-kccg-5.pdf"
"KLINIKA ZA DERMATOVENEROLOGIJU","AMBULANTA ZA DERMATOVENEROLOGIJU 1","HAS_SLOTS","30.04.2026. 13:45","230409","1","11.02.2026","https://www.kccg.me/wp-content/uploads/2026/02/prvi-slobodan-termin-kccg-5.pdf"
"KLINIKA ZA DERMATOVENEROLOGIJU","AMBULANTA ZA DERMATOVENEROLOGIJU 2","HAS_SLOTS","30.04.2026. 13:45","230419","1","11.02.2026","https://www.kccg.me/wp-content/uploads/2026/02/prvi-slobodan-termin-kccg-5.pdf"
"KLINIKA ZA DERMATOVENEROLOGIJU","INTERVENTNA AMBULANTA ZA DERMATOVENEROLOGIJU","HAS_SLOTS","31.03.2026. 10:15","230229","1","11.02.2026","https://www.kccg.me/wp-content/uploads/2026/02/prvi-slobodan-termin-kccg-5.pdf"
"KLINIKA ZA DERMATOVENEROLOGIJU","KONZILIJUM DERMATOVENEROLOGA","HAS_SLOTS","25.03.2026. 13:45","230009","1","11.02.2026","https://www.kccg.me/wp-content/uploads/2026/02/prvi-slobodan-termin-kccg-5.pdf"
"KLINIKA ZA GINEKOLOGIJU I AKUЕ ERSTVO","GINEKOLOЕ KA AMBULANTA ZA INFERTILITET","HAS_SLOTS","27.04.2026. 13:45","180189","1","11.02.2026","https://www.kccg.me/wp-content/uploads/2026/02/prvi-slobodan-termin-kccg-5.pdf"
"KLINIKA ZA GINEKOLOGIJU I AKUЕ ERSTVO","GINEKOLOЕ KO ENDOKRINOLOЕ KA AMBULANTA","HAS_SLOTS","24.04.2026. 13:40","180199","1","11.02.2026","https://www.kccg.me/wp-content/uploads/2026/02/prvi-slobodan-termin-kccg-5.pdf"
"KLINIKA ZA GINEKOLOGIJU I AKUЕ ERSTVO","GINEKOLOЕ KO ONKOLOЕ KA AMBULANTA","HAS_SLOTS","30.04.2026. 10:15","180169","1","11.02.2026","https://www.kccg.me/wp-content/uploads/2026/02/prvi-slobodan-termin-kccg-5.pdf"
"KLINIKA ZA GINEKOLOGIJU I AKUЕ ERSTVO","GINEKOLOЕ KO PERINATOLOЕ KA AMBULANTA","HAS_SLOTS","29.04.2026. 13:40","180179","1","11.02.2026","https://www.kccg.me/wp-content/uploads/2026/02/prvi-slobodan-termin-kccg-5.pdf"
"KLINIKA ZA GINEKOLOGIJU I AKUЕ ERSTVO","Ljekar specijalista u amb. 11.02.2026. 10:00 30.04.2026. 13:45","HAS_SLOTS","30.04.2026. 13:45","111111","1","11.02.2026","https://www.kccg.me/wp-content/uploads/2026/02/prvi-slobodan-termin-kccg-5.pdf"
"KLINIKA ZA INFEKTIVNE BOLESTI","AMBULANTA ZA INFEKTIVNE BOLESTI","HAS_SLOTS","31.03.2026. 13:45","220109","1","11.02.2026","https://www.kccg.me/wp-content/uploads/2026/02/prvi-slobodan-termin-kccg-5.pdf"
"KLINIKA ZA MAKSILOFACIJALNU HIRURGIJU","AMBULANTA ZA MAKSILOFACIJALNU HIRURGIJU","HAS_SLOTS","31.08.2026. 12:40","320109","1","11.02.2026","https://www.kccg.me/wp-content/uploads/2026/02/prvi-slobodan-termin-kccg-5.pdf"
"KLINIKA ZA NEFROLOGIJU","AMBULANTA ZA TRANSPLANTIRANE PACIJENTE","HAS_SLOTS","29.06.2026. 17:45","140319","1","11.02.2026","https://www.kccg.me/wp-content/uploads/2026/02/prvi-slobodan-termin-kccg-5.pdf"
"KLINIKA ZA NEFROLOGIJU","NEFROLOЕ KA AMBULANTA","HAS_SLOTS","30.06.2026. 17:45","140309","1","11.02.2026","https://www.kccg.me/wp-content/uploads/2026/02/prvi-slobodan-termin-kccg-5.pdf"
"KLINIKA ZA NEUROHIRURGIJU","NEUROHIRURЕ KA INTERVENTNA","HAS_SLOTS","31.03.2026. 11:40","150119","1","11.02.2026","https://www.kccg.me/wp-content/uploads/2026/02/prvi-slobodan-termin-kccg-5.pdf"
"KLINIKA ZA NEUROLOGIJU","EEG AMBULANTA","HAS_SLOTS","31.03.2026. 13:30","160229","1","11.02.2026","https://www.kccg.me/wp-content/uploads/2026/02/prvi-slobodan-termin-kccg-5.pdf"
"KLINIKA ZA ONKOLOGIJU I RADIO TERAPIJU","AMBULANTA ZA NUKLEARNU MEDICINU","HAS_SLOTS","30.03.2026. 11:50","190310","1","11.02.2026","https://www.kccg.me/wp-content/uploads/2026/02/prvi-slobodan-termin-kccg-5.pdf"
"KLINIKA ZA ONKOLOGIJU I RADIO TERAPIJU","KABINET ZA BRAHITERAPIJU","HAS_SLOTS","01.07.2026. 13:15","190230","1","11.02.2026","https://www.kccg.me/wp-content/uploads/2026/02/prvi-slobodan-termin-kccg-5.pdf"
"KLINIKA ZA ONKOLOGIJU I RADIO TERAPIJU","ONKOLOЕ KA AMBULANTA ZA RADIOTERAPIJU 1","HAS_SLOTS","01.07.2026. 13:45","190209","1","11.02.2026","https://www.kccg.me/wp-content/uploads/2026/02/prvi-slobodan-termin-kccg-5.pdf"
"KLINIKA ZA ONKOLOGIJU I RADIO TERAPIJU","ONKOLOЕ KA AMBULANTA ZA RADIOTERAPIJU 2","HAS_SLOTS","01.07.2026. 13:45","190219","1","11.02.2026","https://www.kccg.me/wp-content/uploads/2026/02/prvi-slobodan-termin-kccg-5.pdf"
"KLINIKA ZA ORTOPEDIJU I TRAUMATOLOGIJU","INTERVENTNA ORTOP.AMB-KONT.","HAS_SLOTS","31.03.2026. 10:40","130159","1","11.02.2026","https://www.kccg.me/wp-content/uploads/2026/02/prvi-slobodan-termin-kccg-5.pdf"
"KLINIKA ZA ORTOPEDIJU I TRAUMATOLOGIJU","ORTOPEDSKA AMBULANTA I","HAS_SLOTS","31.03.2026. 13:45","130109","1","11.02.2026","https://www.kccg.me/wp-content/uploads/2026/02/prvi-slobodan-termin-kccg-5.pdf"
"KLINIKA ZA ORTOPEDIJU I TRAUMATOLOGIJU","ORTOPEDSKA AMBULANTA II","HAS_SLOTS","31.03.2026. 13:45","130119","1","11.02.2026","https://www.kccg.me/wp-content/uploads/2026/02/prvi-slobodan-termin-kccg-5.pdf"
"KLINIKA ZA ORTOPEDIJU I TRAUMATOLOGIJU","ORTOPEDSKA AMBULANTA III","HAS_SLOTS","30.03.2026. 13:45","130149","1","11.02.2026","https://www.kccg.me/wp-content/uploads/2026/02/prvi-slobodan-termin-kccg-5.pdf"
"KLINIKA ZA OTORINOLARINGOLOGIJU","ALERGOLOЕ KA AMBULANTA ORL","HAS_SLOTS","24.02.2026. 13:40","200119","1","11.02.2026","https://www.kccg.me/wp-content/uploads/2026/02/prvi-slobodan-termin-kccg-5.pdf"
"KLINIKA ZA OTORINOLARINGOLOGIJU","SUBSPEC. FONIJATRISKA ORL AMBULANTA","HAS_SLOTS","26.03.2026. 13:40","200219","1","11.02.2026","https://www.kccg.me/wp-content/uploads/2026/02/prvi-slobodan-termin-kccg-5.pdf"
"KLINIKA ZA OДЊNE BOLESTI","KABINET ZA DIJAGNOSTIKU (KVP I OCT)","HAS_SLOTS","27.03.2026. 18:40","210179","1","11.02.2026","https://www.kccg.me/wp-content/uploads/2026/02/prvi-slobodan-termin-kccg-5.pdf"
"KLINIKA ZA OДЊNE BOLESTI","OFTALMOLOЕ KA INTERVENTA AMBULANTA","HAS_SLOTS","31.03.2026. 13:15","210169","1","11.02.2026","https://www.kccg.me/wp-content/uploads/2026/02/prvi-slobodan-termin-kccg-5.pdf"
"KLINIKA ZA PSIHIJATRIJU","PSIHIJATRIJSKA AMBULANTA 1","HAS_SLOTS","31.03.2026. 12:40","170509","1","11.02.2026","https://www.kccg.me/wp-content/uploads/2026/02/prvi-slobodan-termin-kccg-5.pdf"
"KLINIKA ZA PSIHIJATRIJU","PSIHIJATRIJSKA AMBULANTA 2","HAS_SLOTS","31.03.2026. 12:40","170519","1","11.02.2026","https://www.kccg.me/wp-content/uploads/2026/02/prvi-slobodan-termin-kccg-5.pdf"
"KLINIKA ZA PSIHIJATRIJU","PSIHIJATRIJSKA AMBULANTA 3","HAS_SLOTS","31.03.2026. 12:40","170699","1","11.02.2026","https://www.kccg.me/wp-content/uploads/2026/02/prvi-slobodan-termin-kccg-5.pdf"
"KLINIKA ZA PSIHIJATRIJU","PSIHOLOЕ KI KABINET I","HAS_SLOTS","30.03.2026. 18:00","170902","1","11.02.2026","https://www.kccg.me/wp-content/uploads/2026/02/prvi-slobodan-termin-kccg-5.pdf"
"KLINIKA ZA PSIHIJATRIJU","PSIHOLOЕ KI KABINET II","HAS_SLOTS","31.03.2026. 12:30","170899","1","11.02.2026","https://www.kccg.me/wp-content/uploads/2026/02/prvi-slobodan-termin-kccg-5.pdf"
"KLINIKA ZA UROLOGIJU","UROLOЕ KA AMBULANTA I","HAS_SLOTS","30.04.2026. 13:45","140109","1","11.02.2026","https://www.kccg.me/wp-content/uploads/2026/02/prvi-slobodan-termin-kccg-5.pdf"
"KLINIKA ZA UROLOGIJU","UROLOЕ KA AMBULANTA II","HAS_SLOTS","30.04.2026. 13:45","140129","1","11.02.2026","https://www.kccg.me/wp-content/uploads/2026/02/prvi-slobodan-termin-kccg-5.pdf"
"CENTAR ZA FIZIKALNU MEDICINU I REHABILITACIJU","AMBULANTA ZA FIZIKALNU MEDICINU 3","NO_SLOTS",,"500129","1","11.02.2026","https://www.kccg.me/wp-content/uploads/2026/02/prvi-slobodan-termin-kccg-5.pdf"
"CENTAR ZA FIZIKALNU MEDICINU I REHABILITACIJU","INTERVENTNA AMBULANTA ZA FIZIKALNU MEDICINU","NO_SLOTS",,"500139","1","11.02.2026","https://www.kccg.me/wp-content/uploads/2026/02/prvi-slobodan-termin-kccg-5.pdf"
"CENTAR ZA MEDICINSKU GENETIKU I IMUNOLOGIJU","GENETSKA AMBULANTA 4","NO_SLOTS",,"101430","1","11.02.2026","https://www.kccg.me/wp-content/uploads/2026/02/prvi-slobodan-termin-kccg-5.pdf"
"CENTAR ZA RADIOLOSKU DIJAGNOSTIKU","KABINET ZA EKSPERTSKI UZ DOJKI SA CORE BIOPSIJOM","NO_SLOTS",,"510158","1","11.02.2026","https://www.kccg.me/wp-content/uploads/2026/02/prvi-slobodan-termin-kccg-5.pdf"
"CENTAR ZA RADIOLOSKU DIJAGNOSTIKU","MR DOJKI","NO_SLOTS",,"510367","2","11.02.2026","https://www.kccg.me/wp-content/uploads/2026/02/prvi-slobodan-termin-kccg-5.pdf"
"CENTAR ZA RADIOLOSKU DIJAGNOSTIKU","MR MSK 3","NO_SLOTS",,"510320","2","11.02.2026","https://www.kccg.me/wp-content/uploads/2026/02/prvi-slobodan-termin-kccg-5.pdf"
"CENTAR ZA RADIOLOSKU DIJAGNOSTIKU","MR NEURO 3","NO_SLOTS",,"510319","2","11.02.2026","https://www.kccg.me/wp-content/uploads/2026/02/prvi-slobodan-termin-kccg-5.pdf"
"HIRURЕ KA KLINIKA","AMBULANTA ZA OPЕ TU HIRURGIJU 1","NO_SLOTS",,"120109","1","11.02.2026","https://www.kccg.me/wp-content/uploads/2026/02/prvi-slobodan-termin-kccg-5.pdf"
"HIRURЕ KA KLINIKA","AMBULANTA ZA PLASTIДЊNU HIRURGIJU","NO_SLOTS",,"123209","1","11.02.2026","https://www.kccg.me/wp-content/uploads/2026/02/prvi-slobodan-termin-kccg-5.pdf"
"HIRURЕ KA KLINIKA","AMBULANTA ZA PLASTIДЊNU HIRURGIJU 2","NO_SLOTS",,"123300","1","11.02.2026","https://www.kccg.me/wp-content/uploads/2026/02/prvi-slobodan-termin-kccg-5.pdf"
"HIRURЕ KA KLINIKA","AMBULANTA ZA VASKULARNU HIRURGIJU 1","NO_SLOTS",,"124209","1","11.02.2026","https://www.kccg.me/wp-content/uploads/2026/02/prvi-slobodan-termin-kccg-5.pdf"
"HIRURЕ KA KLINIKA","AMBULANTA ZA VASKULARNU HIRURGIJU 2","NO_SLOTS",,"123420","1","11.02.2026","https://www.kccg.me/wp-content/uploads/2026/02/prvi-slobodan-termin-kccg-5.pdf"
"INSTITUT ZA BOLESTI DJECE","CT DIJAGNOSTIKA","NO_SLOTS",,"107130","1","11.02.2026","https://www.kccg.me/wp-content/uploads/2026/02/prvi-slobodan-termin-kccg-5.pdf"
"INSTITUT ZA BOLESTI DJECE","CZA - AMBULANTA ZA DJEДЊIJU FIZIJATRIJU","NO_SLOTS",,"109238","1","11.02.2026","https://www.kccg.me/wp-content/uploads/2026/02/prvi-slobodan-termin-kccg-5.pdf"
"INSTITUT ZA BOLESTI DJECE","CZA - KAB. DEFEKTOLOG -OLIGOFRENOLOG","NO_SLOTS",,"109219","1","11.02.2026","https://www.kccg.me/wp-content/uploads/2026/02/prvi-slobodan-termin-kccg-5.pdf"
"INSTITUT ZA BOLESTI DJECE","CZA - KAB. DEFEKTOLOG -SOMATOPED","NO_SLOTS",,"109229","1","11.02.2026","https://www.kccg.me/wp-content/uploads/2026/02/prvi-slobodan-termin-kccg-5.pdf"
"INSTITUT ZA BOLESTI DJECE","CZA - KABINET DEFEKTOLOG -LOGOPED 1","NO_SLOTS",,"109209","1","11.02.2026","https://www.kccg.me/wp-content/uploads/2026/02/prvi-slobodan-termin-kccg-5.pdf"
"INSTITUT ZA BOLESTI DJECE","CZA - KABINET DEFEKTOLOG -LOGOPED 2","NO_SLOTS",,"109218","1","11.02.2026","https://www.kccg.me/wp-content/uploads/2026/02/prvi-slobodan-termin-kccg-5.pdf"
"INSTITUT ZA BOLESTI DJECE","CZA - KABINET DEFEKTOLOG -LOGOPED 3","NO_SLOTS",,"109217","1","11.02.2026","https://www.kccg.me/wp-content/uploads/2026/02/prvi-slobodan-termin-kccg-5.pdf"
"INSTITUT ZA BOLESTI DJECE","CZA - PSIHIJATRIJSKA AMBULANTA 1","NO_SLOTS",,"109299","1","11.02.2026","https://www.kccg.me/wp-content/uploads/2026/02/prvi-slobodan-termin-kccg-5.pdf"
"INSTITUT ZA BOLESTI DJECE","CZA - PSIHIJATRIJSKA AMBULANTA 2","NO_SLOTS",,"109297","1","11.02.2026","https://www.kccg.me/wp-content/uploads/2026/02/prvi-slobodan-termin-kccg-5.pdf"
"INSTITUT ZA BOLESTI DJECE","CZA - PSIHIJATRIJSKA AMBULANTA 3","NO_SLOTS",,"109298","1","11.02.2026","https://www.kccg.me/wp-content/uploads/2026/02/prvi-slobodan-termin-kccg-5.pdf"
"INSTITUT ZA BOLESTI DJECE","CZA - PSIHOLOЕ KI KABINET 3","NO_SLOTS",,"109279","1","11.02.2026","https://www.kccg.me/wp-content/uploads/2026/02/prvi-slobodan-termin-kccg-5.pdf"
"INSTITUT ZA BOLESTI DJECE","CZA - PSIHOLOЕ KI KABINET 4","NO_SLOTS",,"109280","1","11.02.2026","https://www.kccg.me/wp-content/uploads/2026/02/prvi-slobodan-termin-kccg-5.pdf"
"INSTITUT ZA BOLESTI DJECE","DJEДЊIJA ALERGOLOЕ KA -IMUNOLOЕ KA AMBULANTA","NO_SLOTS",,"101609","1","11.02.2026","https://www.kccg.me/wp-content/uploads/2026/02/prvi-slobodan-termin-kccg-5.pdf"
"INSTITUT ZA BOLESTI DJECE","DJEДЊIJA NEUROLOЕ KA AMBULANTA 1","NO_SLOTS",,"101329","1","11.02.2026","https://www.kccg.me/wp-content/uploads/2026/02/prvi-slobodan-termin-kccg-5.pdf"
"INSTITUT ZA BOLESTI DJECE","DJEДЊIJA NEUROLOЕ KA AMBULANTA 2","NO_SLOTS",,"101349","1","11.02.2026","https://www.kccg.me/wp-content/uploads/2026/02/prvi-slobodan-termin-kccg-5.pdf"
"INSTITUT ZA BOLESTI DJECE","DJEДЊIJA NEUROLOЕ KA AMBULANTA 3","NO_SLOTS",,"101359","1","11.02.2026","https://www.kccg.me/wp-content/uploads/2026/02/prvi-slobodan-termin-kccg-5.pdf"
"INSTITUT ZA BOLESTI DJECE","DJEДЊIJA ORL AMBULANTA","NO_SLOTS",,"102209","1","11.02.2026","https://www.kccg.me/wp-content/uploads/2026/02/prvi-slobodan-termin-kccg-5.pdf"
"INSTITUT ZA BOLESTI DJECE","DJEДЊIJA PSIHIJATRIJSKA AMBULANTA","NO_SLOTS",,"109239","1","11.02.2026","https://www.kccg.me/wp-content/uploads/2026/02/prvi-slobodan-termin-kccg-5.pdf"
"INSTITUT ZA BOLESTI DJECE","DJEДЊIJA UROLOЕ KA AMBULANTA","NO_SLOTS",,"102509","1","11.02.2026","https://www.kccg.me/wp-content/uploads/2026/02/prvi-slobodan-termin-kccg-5.pdf"
"INSTITUT ZA BOLESTI DJECE","DJEДЊIJI MR ENTEROGRAFIJE","NO_SLOTS",,"107189","2","11.02.2026","https://www.kccg.me/wp-content/uploads/2026/02/prvi-slobodan-termin-kccg-5.pdf"
"INSTITUT ZA BOLESTI DJECE","DJEДЊIJI MR UROGRAFIJE","NO_SLOTS",,"107199","1","11.02.2026","https://www.kccg.me/wp-content/uploads/2026/02/prvi-slobodan-termin-kccg-5.pdf"
"INSTITUT ZA BOLESTI DJECE","DNEVNA BOLNICA IBD","NO_SLOTS",,"108100","1","11.02.2026","https://www.kccg.me/wp-content/uploads/2026/02/prvi-slobodan-termin-kccg-5.pdf"
"INSTITUT ZA BOLESTI DJECE","KABINET ZA DJEДЊIJI MR BODY","NO_SLOTS",,"107169","2","11.02.2026","https://www.kccg.me/wp-content/uploads/2026/02/prvi-slobodan-termin-kccg-5.pdf"
"INSTITUT ZA BOLESTI DJECE","KABINET ZA DJEДЊIJU MR -OPЕ TA ANESTEZIJA","NO_SLOTS",,"107209","2","11.02.2026","https://www.kccg.me/wp-content/uploads/2026/02/prvi-slobodan-termin-kccg-5.pdf"
"INTERNA KLINIKA","ALERGOLOЕ KA AMBULANTA","NO_SLOTS",,"114050","1","11.02.2026","https://www.kccg.me/wp-content/uploads/2026/02/prvi-slobodan-termin-kccg-5.pdf"
"INTERNA KLINIKA","AMBULANTA ZA KAPILAROSKOPIJU","NO_SLOTS",,"115029","1","11.02.2026","https://www.kccg.me/wp-content/uploads/2026/02/prvi-slobodan-termin-kccg-5.pdf"
"INTERNA KLINIKA","ENDOKRINOLOЕ KA AMBULANTA 1","NO_SLOTS",,"114009","1","11.02.2026","https://www.kccg.me/wp-content/uploads/2026/02/prvi-slobodan-termin-kccg-5.pdf"
"INTERNA KLINIKA","ENDOKRINOLOЕ KA AMBULANTA 2","NO_SLOTS",,"114019","1","11.02.2026","https://www.kccg.me/wp-content/uploads/2026/02/prvi-slobodan-termin-kccg-5.pdf"
"INTERNA KLINIKA","ENDOKRINOLOЕ KA AMBULANTA 3","NO_SLOTS",,"114029","1","11.02.2026","https://www.kccg.me/wp-content/uploads/2026/02/prvi-slobodan-termin-kccg-5.pdf"
"INTERNA KLINIKA","GASTROENTEROHEPATOLOЕ KA AMBULANTA 2","NO_SLOTS",,"113010","1","11.02.2026","https://www.kccg.me/wp-content/uploads/2026/02/prvi-slobodan-termin-kccg-5.pdf"
"INTERNA KLINIKA","GASTROENTEROLOЕ KA AMBULANTA","NO_SLOTS",,"114039","1","11.02.2026","https://www.kccg.me/wp-content/uploads/2026/02/prvi-slobodan-termin-kccg-5.pdf"
"INTERNA KLINIKA","HEMATOLOЕ KI KONZILIJUM ZA BIOLOЕ KU TERAPIJU","NO_SLOTS",,"111319","1","11.02.2026","https://www.kccg.me/wp-content/uploads/2026/02/prvi-slobodan-termin-kccg-5.pdf"
"INTERNA KLINIKA","KABINET ZA GASTROSKOPIJU","NO_SLOTS",,"113019","1","11.02.2026","https://www.kccg.me/wp-content/uploads/2026/02/prvi-slobodan-termin-kccg-5.pdf"
"INTERNA KLINIKA","KABINET ZA GASTROSKOPIJU 2","NO_SLOTS",,"113020","1","11.02.2026","https://www.kccg.me/wp-content/uploads/2026/02/prvi-slobodan-termin-kccg-5.pdf"
"INTERNA KLINIKA","KABINET ZA KOLONOSKOPIJU","NO_SLOTS",,"113129","1","11.02.2026","https://www.kccg.me/wp-content/uploads/2026/02/prvi-slobodan-termin-kccg-5.pdf"
"INTERNA KLINIKA","KABINET ZA KOLONOSKOPIJU 2","NO_SLOTS",,"113128","1","11.02.2026","https://www.kccg.me/wp-content/uploads/2026/02/prvi-slobodan-termin-kccg-5.pdf"
"INTERNA KLINIKA","KABINET ZA OSTEODENZITOMETRIJU","NO_SLOTS",,"115019","1","11.02.2026","https://www.kccg.me/wp-content/uploads/2026/02/prvi-slobodan-termin-kccg-5.pdf"
"INTERNA KLINIKA","KABINET ZA UZ LOKOMO. SISTEMA","NO_SLOTS",,"115059","1","11.02.2026","https://www.kccg.me/wp-content/uploads/2026/02/prvi-slobodan-termin-kccg-5.pdf"
"INTERNA KLINIKA","KONZILIJUM ALERGOLOGA I KLINIДЊKIH IMUNOLOGA","NO_SLOTS",,"130156","1","11.02.2026","https://www.kccg.me/wp-content/uploads/2026/02/prvi-slobodan-termin-kccg-5.pdf"
"INTERNA KLINIKA","PULMOLOЕ KA AMBULANTA","NO_SLOTS",,"116009","1","11.02.2026","https://www.kccg.me/wp-content/uploads/2026/02/prvi-slobodan-termin-kccg-5.pdf"
"INTERNA KLINIKA","REUMATOLOЕ KA AMBULANTA 1","NO_SLOTS",,"115009","1","11.02.2026","https://www.kccg.me/wp-content/uploads/2026/02/prvi-slobodan-termin-kccg-5.pdf"
"INTERNA KLINIKA","REUMATOLOЕ KA AMBULANTA 2","NO_SLOTS",,"115039","1","11.02.2026","https://www.kccg.me/wp-content/uploads/2026/02/prvi-slobodan-termin-kccg-5.pdf"
"INTERNA KLINIKA","REUMATOLOЕ KI KONZILIJUM ZA BIOLOЕ KU TERAPIJU","NO_SLOTS",,"115049","1","11.02.2026","https://www.kccg.me/wp-content/uploads/2026/02/prvi-slobodan-termin-kccg-5.pdf"
"KLINIKA ZA ANESTEZIJU I INTEZIVNU TERAPIJU BOLA","ANESTEZILOЕ KA AMBULANTA","NO_SLOTS",,"240109","1","11.02.2026","https://www.kccg.me/wp-content/uploads/2026/02/prvi-slobodan-termin-kccg-5.pdf"
"KLINIKA ZA BOLESTI SRCA","KABINET ZA HOLTER MONITORING","NO_SLOTS",,"260559","1","11.02.2026","https://www.kccg.me/wp-content/uploads/2026/02/prvi-slobodan-termin-kccg-5.pdf"
"KLINIKA ZA BOLESTI SRCA","KABINET ZA STRES EHO TEST","NO_SLOTS",,"280569","1","11.02.2026","https://www.kccg.me/wp-content/uploads/2026/02/prvi-slobodan-termin-kccg-5.pdf"
"KLINIKA ZA BOLESTI SRCA","KARDIOLOЕ KA AMBULANTA 1","NO_SLOTS",,"260509","1","11.02.2026","https://www.kccg.me/wp-content/uploads/2026/02/prvi-slobodan-termin-kccg-5.pdf"
"KLINIKA ZA BOLESTI SRCA","KARDIOLOЕ KA AMBULANTA 2","NO_SLOTS",,"260529","1","11.02.2026","https://www.kccg.me/wp-content/uploads/2026/02/prvi-slobodan-termin-kccg-5.pdf"
"KLINIKA ZA BOLESTI SRCA","KARDIOLOЕ KA AMBULANTA 3","NO_SLOTS",,"260519","1","11.02.2026","https://www.kccg.me/wp-content/uploads/2026/02/prvi-slobodan-termin-kccg-5.pdf"
"KLINIKA ZA BOLESTI SRCA","KARDIOLOЕ KA INTERVENTNA AMB","NO_SLOTS",,"290101","1","11.02.2026","https://www.kccg.me/wp-content/uploads/2026/02/prvi-slobodan-termin-kccg-5.pdf"
"KLINIKA ZA BOLESTI SRCA","KARDIOLOЕ KA KONTROLA NAKON KARD.HIR. OP.","NO_SLOTS",,"270801","1","11.02.2026","https://www.kccg.me/wp-content/uploads/2026/02/prvi-slobodan-termin-kccg-5.pdf"
"KLINIKA ZA BOLESTI SRCA","KardioloЕЎka ambulanta 1 - kontrolni pregled","NO_SLOTS",,"260510","1","11.02.2026","https://www.kccg.me/wp-content/uploads/2026/02/prvi-slobodan-termin-kccg-5.pdf"
"KLINIKA ZA BOLESTI SRCA","KONZILIJUM ZA UPUД†IVANJE PACIJENATA U INOSTRANSTVO","NO_SLOTS",,"290600","1","11.02.2026","https://www.kccg.me/wp-content/uploads/2026/02/prvi-slobodan-termin-kccg-5.pdf"
"KLINIKA ZA DERMATOVENEROLOGIJU","KABINET ZA ALERGIJSKO -EPIKUTANO TESTIRANJE","NO_SLOTS",,"230109","1","11.02.2026","https://www.kccg.me/wp-content/uploads/2026/02/prvi-slobodan-termin-kccg-5.pdf"
"KLINIKA ZA DERMATOVENEROLOGIJU","KABINET ZA PATCH TESTIRANJE","NO_SLOTS",,"230119","1","11.02.2026","https://www.kccg.me/wp-content/uploads/2026/02/prvi-slobodan-termin-kccg-5.pdf"
"KLINIKA ZA GINEKOLOGIJU I AKUЕ ERSTVO","DNEVNA BOLNICA GAK","NO_SLOTS",,"180120","1","11.02.2026","https://www.kccg.me/wp-content/uploads/2026/02/prvi-slobodan-termin-kccg-5.pdf"
"KLINIKA ZA GINEKOLOGIJU I AKUЕ ERSTVO","GINEKOLOЕ KO-AKUЕ ERSKA AMBULANTA","NO_SLOTS",,"180109","1","11.02.2026","https://www.kccg.me/wp-content/uploads/2026/02/prvi-slobodan-termin-kccg-5.pdf"
"KLINIKA ZA INFEKTIVNE BOLESTI","DNEVNA BOLNICA INFEKTIVNE KLINIKE","NO_SLOTS",,"220900","1","11.02.2026","https://www.kccg.me/wp-content/uploads/2026/02/prvi-slobodan-termin-kccg-5.pdf"
"KLINIKA ZA MAKSILOFACIJALNU HIRURGIJU","KONZILIJUM ZA MFH","NO_SLOTS",,"250800","1","11.02.2026","https://www.kccg.me/wp-content/uploads/2026/02/prvi-slobodan-termin-kccg-5.pdf"
"KLINIKA ZA NEUROHIRURGIJU","NEUROHIRUSKA AMBULANTA","NO_SLOTS",,"150809","1","11.02.2026","https://www.kccg.me/wp-content/uploads/2026/02/prvi-slobodan-termin-kccg-5.pdf"
"KLINIKA ZA NEUROLOGIJU","DEFEKTOLOЕ KO - LOGOPEDSKA AMBULANTA","NO_SLOTS",,"160260","1","11.02.2026","https://www.kccg.me/wp-content/uploads/2026/02/prvi-slobodan-termin-kccg-5.pdf"
"KLINIKA ZA NEUROLOGIJU","DISPANZER ZA EPILEPSIJU","NO_SLOTS",,"160218","1","11.02.2026","https://www.kccg.me/wp-content/uploads/2026/02/prvi-slobodan-termin-kccg-5.pdf"
"KLINIKA ZA NEUROLOGIJU","EMNG AMBULANTA","NO_SLOTS",,"160239","1","11.02.2026","https://www.kccg.me/wp-content/uploads/2026/02/prvi-slobodan-termin-kccg-5.pdf"
"KLINIKA ZA NEUROLOGIJU","INTERVENTNA NEUROLOЕ KA AMB I","NO_SLOTS",,"160309","1","11.02.2026","https://www.kccg.me/wp-content/uploads/2026/02/prvi-slobodan-termin-kccg-5.pdf"
"KLINIKA ZA NEUROLOGIJU","INTERVENTNA NEUROLOЕ KA AMB II","NO_SLOTS",,"160279","1","11.02.2026","https://www.kccg.me/wp-content/uploads/2026/02/prvi-slobodan-termin-kccg-5.pdf"
"KLINIKA ZA NEUROLOGIJU","KABINET ZA EVOCIRANE POTENCIJALE","NO_SLOTS",,"160249","1","11.02.2026","https://www.kccg.me/wp-content/uploads/2026/02/prvi-slobodan-termin-kccg-5.pdf"
"KLINIKA ZA NEUROLOGIJU","NEUROLOЕ KA AMBULANTA I","NO_SLOTS",,"160109","1","11.02.2026","https://www.kccg.me/wp-content/uploads/2026/02/prvi-slobodan-termin-kccg-5.pdf"
"KLINIKA ZA NEUROLOGIJU","NEUROLOЕ KA AMBULANTA II","NO_SLOTS",,"160119","1","11.02.2026","https://www.kccg.me/wp-content/uploads/2026/02/prvi-slobodan-termin-kccg-5.pdf"
"KLINIKA ZA NEUROLOGIJU","NEUROLOЕ KO-PSIHOLOЕ KI KABINET","NO_SLOTS",,"160259","1","11.02.2026","https://www.kccg.me/wp-content/uploads/2026/02/prvi-slobodan-termin-kccg-5.pdf"
"KLINIKA ZA ONKOLOGIJU I RADIO TERAPIJU","INTERVENTNA AMBULANTA ZA HEMIOTERAPIJU","NO_SLOTS",,"190018","1","11.02.2026","https://www.kccg.me/wp-content/uploads/2026/02/prvi-slobodan-termin-kccg-5.pdf"
"KLINIKA ZA ONKOLOGIJU I RADIO TERAPIJU","KONZILIJUM ZA PET/CT","NO_SLOTS",,"190800","1","11.02.2026","https://www.kccg.me/wp-content/uploads/2026/02/prvi-slobodan-termin-kccg-5.pdf"
"KLINIKA ZA ONKOLOGIJU I RADIO TERAPIJU","ONKOLOЕ KA AMBULANTA ZA HEMIOTERAPIJU 1","NO_SLOTS",,"190109","1","11.02.2026","https://www.kccg.me/wp-content/uploads/2026/02/prvi-slobodan-termin-kccg-5.pdf"
"KLINIKA ZA ONKOLOGIJU I RADIO TERAPIJU","ONKOLOЕ KA AMBULANTA ZA HEMIOTERAPIJU 2","NO_SLOTS",,"190119","1","11.02.2026","https://www.kccg.me/wp-content/uploads/2026/02/prvi-slobodan-termin-kccg-5.pdf"
"KLINIKA ZA ONKOLOGIJU I RADIO TERAPIJU","ONKOLOЕ KA AMBULANTA ZA HEMIOTERAPIJU 3","NO_SLOTS",,"190129","1","11.02.2026","https://www.kccg.me/wp-content/uploads/2026/02/prvi-slobodan-termin-kccg-5.pdf"
"KLINIKA ZA ONKOLOGIJU I RADIO TERAPIJU","ONKOLOЕ KA AMBULANTA ZA HEMIOTERAPIJU 4","NO_SLOTS",,"190139","1","11.02.2026","https://www.kccg.me/wp-content/uploads/2026/02/prvi-slobodan-termin-kccg-5.pdf"
"KLINIKA ZA ONKOLOGIJU I RADIO TERAPIJU","ONKOLOЕ KI KONZILIJUM","NO_SLOTS",,"190700","1","11.02.2026","https://www.kccg.me/wp-content/uploads/2026/02/prvi-slobodan-termin-kccg-5.pdf"
"KLINIKA ZA OTORINOLARINGOLOGIJU","INTERVENTNA ORL AMB. KCCG","NO_SLOTS",,"200625","1","11.02.2026","https://www.kccg.me/wp-content/uploads/2026/02/prvi-slobodan-termin-kccg-5.pdf"
"KLINIKA ZA OTORINOLARINGOLOGIJU","KONZILIJUM ORL","NO_SLOTS",,"200129","1","11.02.2026","https://www.kccg.me/wp-content/uploads/2026/02/prvi-slobodan-termin-kccg-5.pdf"
"KLINIKA ZA OTORINOLARINGOLOGIJU","KONZILIJUM ZA SLUЕ NA POMAGALA I LJEKOVE","NO_SLOTS",,"200130","1","11.02.2026","https://www.kccg.me/wp-content/uploads/2026/02/prvi-slobodan-termin-kccg-5.pdf"
"KLINIKA ZA OTORINOLARINGOLOGIJU","SPECIJALISTIДЊKA ORL 2","NO_SLOTS",,"200630","1","11.02.2026","https://www.kccg.me/wp-content/uploads/2026/02/prvi-slobodan-termin-kccg-5.pdf"
"KLINIKA ZA OTORINOLARINGOLOGIJU","SPECIJALISTIДЊKA ORL AMBULANTA I","NO_SLOTS",,"200109","1","11.02.2026","https://www.kccg.me/wp-content/uploads/2026/02/prvi-slobodan-termin-kccg-5.pdf"
"KLINIKA ZA OTORINOLARINGOLOGIJU","SUBSPEC. AUDIOLOЕ KA ORL AMBULANTA","NO_SLOTS",,"200319","1","11.02.2026","https://www.kccg.me/wp-content/uploads/2026/02/prvi-slobodan-termin-kccg-5.pdf"
"KLINIKA ZA OTORINOLARINGOLOGIJU","SUBSPEC. ORL AMBULANTA ZA PLASTIДЊNU HIRURGIJU","NO_SLOTS",,"200519","1","11.02.2026","https://www.kccg.me/wp-content/uploads/2026/02/prvi-slobodan-termin-kccg-5.pdf"
"KLINIKA ZA OДЊNE BOLESTI","KABINET ZA FLUORESCINSKU ANGIOGRAFIJU - FA","NO_SLOTS",,"210199","1","11.02.2026","https://www.kccg.me/wp-content/uploads/2026/02/prvi-slobodan-termin-kccg-5.pdf"
"KLINIKA ZA OДЊNE BOLESTI","KABINET ZA GLAUKOM","NO_SLOTS",,"210139","1","11.02.2026","https://www.kccg.me/wp-content/uploads/2026/02/prvi-slobodan-termin-kccg-5.pdf"
"KLINIKA ZA OДЊNE BOLESTI","KABINET ZA KONTAKTNA SOДЊIVA I BOLESTI ROЕЅNJAДЊE","NO_SLOTS",,"210119","1","11.02.2026","https://www.kccg.me/wp-content/uploads/2026/02/prvi-slobodan-termin-kccg-5.pdf"
"KLINIKA ZA OДЊNE BOLESTI","KABINET ZA LASER I OCT","NO_SLOTS",,"210129","1","11.02.2026","https://www.kccg.me/wp-content/uploads/2026/02/prvi-slobodan-termin-kccg-5.pdf"
"KLINIKA ZA OДЊNE BOLESTI","KABINET ZA OKULOPLASTIДЊNU HIRURGIJU I SUZNE PUTEVE","NO_SLOTS",,"210110","1","11.02.2026","https://www.kccg.me/wp-content/uploads/2026/02/prvi-slobodan-termin-kccg-5.pdf"
"KLINIKA ZA OДЊNE BOLESTI","KABINET ZA ULTRAZVUK OKA","NO_SLOTS",,"210149","1","11.02.2026","https://www.kccg.me/wp-content/uploads/2026/02/prvi-slobodan-termin-kccg-5.pdf"
"KLINIKA ZA OДЊNE BOLESTI","KABINET ZA UVEITISE","NO_SLOTS",,"210008","1","11.02.2026","https://www.kccg.me/wp-content/uploads/2026/02/prvi-slobodan-termin-kccg-5.pdf"
"KLINIKA ZA OДЊNE BOLESTI","OFTALMOLOЕ KA INTERVENTNA AMB. 2","NO_SLOTS",,"210180","1","11.02.2026","https://www.kccg.me/wp-content/uploads/2026/02/prvi-slobodan-termin-kccg-5.pdf"
"KLINIKA ZA OДЊNE BOLESTI","OFTALMOLOЕ KA OPЕ TA AMBULANTA 1","NO_SLOTS",,"210109","1","11.02.2026","https://www.kccg.me/wp-content/uploads/2026/02/prvi-slobodan-termin-kccg-5.pdf"
"KLINIKA ZA OДЊNE BOLESTI","OFTALMOLOЕ KA OPЕ TA AMBULANTA 2","NO_SLOTS",,"210159","1","11.02.2026","https://www.kccg.me/wp-content/uploads/2026/02/prvi-slobodan-termin-kccg-5.pdf"
"KLINIKA ZA OДЊNE BOLESTI","OFTALMOLOЕ KA OPЕ TA AMBULANTA 3","NO_SLOTS",,"210007","1","11.02.2026","https://www.kccg.me/wp-content/uploads/2026/02/prvi-slobodan-termin-kccg-5.pdf"
"KLINIKA ZA PSIHIJATRIJU","AMBULANTA SUPSTITUCIONOJ TERAPIJI","NO_SLOTS",,"170700","1","11.02.2026","https://www.kccg.me/wp-content/uploads/2026/02/prvi-slobodan-termin-kccg-5.pdf"
"KLINIKA ZA UROLOGIJU","UROLOЕ KA INTERVENTNA AMBULANTA","NO_SLOTS",,"140119","1","11.02.2026","https://www.kccg.me/wp-content/uploads/2026/02/prvi-slobodan-termin-kccg-5.pdf"
"STOMATOLOЕ KA POLIKLINIKA","ODJELJENJE ORALNE HIRURGIJE 1","NO_SLOTS",,"300100","1","11.02.2026","https://www.kccg.me/wp-content/uploads/2026/02/prvi-slobodan-termin-kccg-5.pdf"
"STOMATOLOЕ KA POLIKLINIKA","ODJELJENJE STOMATOLOЕ KE PROTETIKE SA LABORATORIJOM","NO_SLOTS",,"300500","1","11.02.2026","https://www.kccg.me/wp-content/uploads/2026/02/prvi-slobodan-termin-kccg-5.pdf"
"STOMATOLOЕ KA POLIKLINIKA","ODJELJENJE ZA BOLESTI ZUBA SA ENDODONCIJOM","NO_SLOTS",,"300600","1","11.02.2026","https://www.kccg.me/wp-content/uploads/2026/02/prvi-slobodan-termin-kccg-5.pdf"
"STOMATOLOЕ KA POLIKLINIKA","ODJELJENJE ZA ORTOPEDIJU VILICE SA LABORATORIJOM 1","NO_SLOTS",,"300300","1","11.02.2026","https://www.kccg.me/wp-content/uploads/2026/02/prvi-slobodan-termin-kccg-5.pdf"
"STOMATOLOЕ KA POLIKLINIKA","ODJELJENJE ZA ORTOPEDIJU VILICE SA LABORATORIJOM 2","NO_SLOTS",,"300301","1","11.02.2026","https://www.kccg.me/wp-content/uploads/2026/02/prvi-slobodan-termin-kccg-5.pdf"
